Date,Transaction,Description,Memo,Amount
2024-01-22,DEBIT,COSTCO WHSE# NAPERVILLE IL,24943004022898000026511; 05300; ; ; ;,-266.64
2024-01-22,DEBIT,COSTCO WHSE# NAPERVILLE IL,24943004022898002358979; 05300; ; ; ;,-3.79
2024-01-23,DEBIT,SIF CAR CARE LLC NAPERVILLE IL,24269794022500518994535; 07542; ; ; ;,-15.0
2024-01-24,DEBIT,AMZN Mktp US*RRN Amzn.com/bill WA,24692164023100182924801; 05942; ; ; ;,-64.64
2024-01-25,DEBIT,BUIKEMA S ACE HARDWARE NAPERVILLE IL,24137464024100365849433; 05251; ; ; ;,-20.46
2024-01-25,DEBIT,EVERWASH -- HTTPSEVERWASH PA,24011344024000050386136; 05734; ; ; ;,-14.5
2024-01-25,DEBIT,VOLVO OF LISLE LISLE IL,24223694024017018208550; 05511; ; ; ;,-41.39
2024-01-25,DEBIT,EOLA POINT ANIMAL HOSP AURORA IL,24445004024300404287394; 00742; ; ; ;,-54.0
2024-01-29,DEBIT,AMZN Mktp US*RPV Amzn.com/bill WA,24692164029104526274067; 05942; ; ; ;,-10.76
2024-01-29,DEBIT,COSTCO WHSE# NAPERVILLE IL,24943004028898000048774; 05300; ; ; ;,-335.39
2024-01-30,DEBIT,AMZN Mktp US*RLYE Amzn.com/bill WA,24692164029104741650471; 05942; ; ; ;,-32.8
2024-01-30,DEBIT,SP DEGREES DEGREES.MYS NY,24492164029000026109237; 05691; ; ; ;,-29.71
2024-01-31,DEBIT,AMAZON RET* - WWW.AMAZON.CO WA,24011344030000023189536; 05331; ; ; ;,-8.6
2024-01-31,DEBIT,BARBER HAUS SHOPS.GETSQUI NY,24492164030000035688814; 07230; ; ; ;,-73.0
2024-02-01,DEBIT,Amazon.com*RICZZ Amzn.com/bill WA,24692164031106297959434; 05942; ; ; ;,-56.88
2024-02-05,DEBIT,AMZN Mktp US*RERI Amzn.com/bill WA,24692164035109856732248; 05942; ; ; ;,-37.68
2024-02-05,DEBIT,AMZN Mktp US*RBL Amzn.com/bill WA,24692164035109925168689; 05942; ; ; ;,-23.25
2024-02-05,DEBIT,AMZN Mktp US*RBMG Amzn.com/bill WA,24692164035109924495091; 05942; ; ; ;,-9.87
2024-02-05,DEBIT,Amazon.com*RBNM Amzn.com/bill WA,24692164035109908195295; 05942; ; ; ;,-48.48
2024-02-05,DEBIT,COSTCO WHSE# NAPERVILLE IL,24943004036898000038445; 05300; ; ; ;,-357.43
2024-02-05,DEBIT,COSTCO WHSE# NAPERVILLE IL,24943004036898002351119; 05300; ; ; ;,-3.79
2024-02-05,DEBIT,ANDERSONS BKSH NAPERVILLE IL,24943004036400487000335; 05942; ; ; ;,-47.38
2024-02-05,DEBIT,SP DEGREES DEGREES.MYS NY,24492164034000042295401; 05691; ; ; ;,-59.96
2024-02-05,DEBIT,AMAZON RET* - WWW.AMAZON.CO WA,24011344035000005884208; 05331; ; ; ;,-46.68
2024-02-06,DEBIT,AMAZON.COM*RBXQFD SEATTLE WA,24431064037083713933842; 05942; ; ; ;,-76.16
2024-02-12,DEBIT,TARGET WARRENVILLE IL,24164074042091253055855; 05411; ; ; ;,-175.2
2024-02-12,DEBIT,AMZN Mktp US*RIGHH Amzn.com/bill WA,24692164041101449955669; 05942; ; ; ;,-28.74
2024-02-12,DEBIT,COSTCO WHSE# NAPERVILLE IL,24943004042898000068253; 05300; ; ; ;,-340.59
2024-02-12,DEBIT,COSTCO WHSE# NAPERVILLE IL,24943004042898000925759; 05912; ; ; ;,-7.82
2024-02-12,DEBIT,COSTCO WHSE# NAPERVILLE IL,24943004042898002355401; 05300; ; ; ;,-3.79
2024-02-13,DEBIT,AMZN Mktp US*RIPP Amzn.com/bill WA,24692164043102853338135; 05942; ; ; ;,-19.38
2024-02-14,DEBIT,PLAYROOM CAFE TWO LLC NAPERVILLE IL,24692164044103663221437; 05812; ; ; ;,-7.67
2024-02-14,DEBIT,PLAYROOM CAFE TWO LLC NAPERVILLE IL,24692164044103663221379; 05812; ; ; ;,-16.0
2024-02-14,DEBIT,WALGREENS # NAPERVILLE IL,24445004045000840255196; 05912; ; ; ;,-8.83
2024-02-16,DEBIT,AMZN Mktp US*RBKWQ Amzn.com/bill WA,24692164047105769982975; 05942; ; ; ;,-10.52
2024-02-20,DEBIT,AMZN Mktp US*RIAWWL Amzn.com/bill WA,24692164050108653231800; 05942; ; ; ;,-112.92
2024-02-20,DEBIT,AMZN Mktp US*RWTTY Amzn.com/bill WA,24692164049107524420067; 05942; ; ; ;,-45.24
2024-02-20,DEBIT,AMZN Mktp US*RICQTH Amzn.com/bill WA,24692164049107697477787; 05942; ; ; ;,-27.6
2024-02-20,DEBIT,AMAZON RET* - WWW.AMAZON.CO WA,24011344049000051624791; 05331; ; ; ;,-96.96
2024-02-20,DEBIT,COSTCO GAS # NAPERVILLE IL,24943004050898110985551; 05542; ; ; ;,-38.83
2024-02-20,DEBIT,COSTCO WHSE# NAPERVILLE IL,24943004050898000026789; 05300; ; ; ;,-234.12
2024-02-20,DEBIT,COSTCO WHSE# NAPERVILLE IL,24943004050898002355301; 05300; ; ; ;,-2.92
2024-02-20,DEBIT,Amazon.com*RWSCNL Amzn.com/bill WA,24692164048107104824366; 05942; ; ; ;,-49.5
2024-02-20,DEBIT,Amazon.com*RIOSQ Amzn.com/bill WA,24692164048107277159533; 05942; ; ; ;,-47.48
2024-02-21,DEBIT,Amazon.com*RWZEU Amzn.com/bill WA,24692164051109170115178; 05942; ; ; ;,-19.9
2024-02-22,DEBIT,AMZN Mktp US*RWBT Amzn.com/bill WA,24692164052109954870831; 05942; ; ; ;,-25.85
2024-02-22,DEBIT,AMZN Mktp US*RILR Amzn.com/bill WA,24692164053100442660057; 05942; ; ; ;,-13.52
2024-02-23,DEBIT,THE CLEANING AUTHORITY -- IL,24269794053300674610922; 07349; ; ; ;,-299.0
2024-02-26,DEBIT,Amazon.com*RZOX Amzn.com/bill WA,24692164056103123959183; 05942; ; ; ;,-8.6
2024-02-26,DEBIT,EVERWASH -- HTTPSEVERWASH PA,24011344055000059500564; 05734; ; ; ;,-29.0
2024-02-26,DEBIT,AMZN Mktp US*RWUNVA Amzn.com/bill WA,24692164054101615507439; 05942; ; ; ;,-21.54
2024-02-26,DEBIT,AMAZON.COM*RWOTMG SEATTLE WA,24431064054083719237717; 05942; ; ; ;,-18.71
2024-02-26,DEBIT,AMZN Mktp US*RITBYF Amzn.com/bill WA,24692164054101892313386; 05942; ; ; ;,-40.91
2024-02-27,DEBIT,AMZN Mktp US*RWXCI Amzn.com/bill WA,24692164057103913069390; 05942; ; ; ;,-20.45
2024-02-27,DEBIT,AMAZON RET* - WWW.AMAZON.CO WA,24011344058000015478720; 05331; ; ; ;,-11.03
2024-02-27,DEBIT,COSTCO WHSE# NAPERVILLE IL,24943004058898000043976; 05300; ; ; ;,-322.47
2024-02-28,DEBIT,AMZN Mktp US*RZNNC Amzn.com/bill WA,24692164058104769805795; 05942; ; ; ;,-23.65
2024-02-28,DEBIT,Amazon.com*RZXDKW Amzn.com/bill WA,24692164058105050128029; 05942; ; ; ;,-19.7
2024-03-01,DEBIT,AMAZON.COM*RWXIU SEATTLE WA,24431064060083325334215; 05942; ; ; ;,-10.76
2024-03-04,DEBIT,AMZN Mktp US*RNBOXN Amzn.com/bill WA,24692164063109174515254; 05942; ; ; ;,-23.6
2024-03-04,DEBIT,SQ *SWEET HOME GELATO Naperville IL,24692164063109602845034; 05814; ; ; ;,-14.45
2024-03-04,DEBIT,COSTCO WHSE# NAPERVILLE IL,24943004064898000028052; 05300; ; ; ;,-192.61
2024-03-04,DEBIT,ANDERSONS BKSH NAPERVILLE IL,24943004064400485000969; 05942; ; ; ;,-10.76
2024-03-04,DEBIT,Amazon Prime*RZCR Amzn.com/bill WA,24692164062108526885259; 05968; ; ; ;,-139.0
2024-03-04,DEBIT,AMZN Mktp US*RZSQD Amzn.com/bill WA,24692164062108689050162; 05942; ; ; ;,-40.1
2024-03-04,DEBIT,ACT*Dupage Forest - IL,24013394062000228338437; 07999; ; ; ;,-55.0
2024-03-04,DEBIT,AMAZON.COM*RZMD SEATTLE WA,24431064063083334899312; 05942; ; ; ;,-25.42
2024-03-04,DEBIT,AMZN Mktp US*RWSMYC Amzn.com/bill WA,24692164061107366521306; 05942; ; ; ;,-13.99
2024-03-04,DEBIT,AMZN MKTP US*RZQC SEATTLE WA,24431064061083726319137; 05942; ; ; ;,-57.95
2024-03-04,DEBIT,EOLA POINT ANIMAL HOSP AURORA IL,24445004061300516112641; 00742; ; ; ;,-54.0
2024-03-06,DEBIT,LATE FEE - PAYMENT DUE ON /,; ; ; ; ;,-30.0
2024-03-06,DEBIT,LOT A EPS CHICAGO IL,24445004065500348366309; 07523; ; ; ;,-6.0
2024-03-06,DEBIT,CAFE DESCARTES T BAGG CHICAGO IL,24692164065101004371386; 05814; ; ; ;,-4.46
2024-03-07,CREDIT,INTERNET PAYMENT THANK YOU,INTERNET; ; ; ; ;,300.0
2024-03-08,DEBIT,THE CLEANING AUTHORITY -- IL,24269794067300673375737; 07349; ; ; ;,-299.0
2024-03-08,DEBIT,AMAZON.COM*RZY SEATTLE WA,24431064068083743474165; 05942; ; ; ;,-7.68
2024-03-11,DEBIT,COSTCO WHSE# NAPERVILLE IL,24943004070898000049084; 05300; ; ; ;,-136.6
2024-03-11,DEBIT,ANDERSONS BKSH NAPERVILLE IL,24943004070400503000324; 05942; ; ; ;,-16.15
2024-03-11,DEBIT,LUCKY DOG DAYCARE AND -- IL,24251384068030052326345; 05995; ; ; ;,-123.6
2024-03-11,DEBIT,KRISERS NAPERVILLE NAPERVILLE IL,24017944069400285000121; 05995; ; ; ;,-50.63
2024-03-11,DEBIT,JIMMY JOHNS - NAPERVILLE IL,24269794069001092866177; 05814; ; ; ;,-23.53
2024-03-12,DEBIT,AMZN Mktp US*RNYPYQ Amzn.com/bill WA,24692164071105616557615; 05942; ; ; ;,-3.22
2024-03-12,DEBIT,AMAZON.COM*RNDJYE SEATTLE WA,24431064071083746354484; 05942; ; ; ;,-0.04
2024-03-12,DEBIT,Amazon.com*RNVP Amzn.com/bill WA,24692164071105921912257; 05942; ; ; ;,-38.08
2024-03-14,DEBIT,SQ *ELLIE?S DELI gosq.com IL,24692164073107509803567; 05814; ; ; ;,-20.11
2024-03-14,DEBIT,KRISERS NAPERVILLE NAPERVILLE IL,24017944074400285000199; 05995; ; ; ;,-101.26
2024-03-15,DEBIT,Amazon.com*RVC Amzn.com/bill WA,24692164074108272541391; 05942; ; ; ;,-39.67
2024-03-18,DEBIT,Amazon.com*RKAH Amzn.com/bill WA,24692164077100625983781; 05942; ; ; ;,-32.35
2024-03-18,DEBIT,Amazon.com*REZW Amzn.com/bill WA,24692164076109694334041; 05942; ; ; ;,-12.65
2024-03-18,DEBIT,AMZN Mktp US*RHMKPW Amzn.com/bill WA,24692164076100116781042; 05942; ; ; ;,-21.54
2024-03-18,DEBIT,AMAZON.COM*RHRX SEATTLE WA,24431064076083348996893; 05942; ; ; ;,-26.93
2024-03-18,DEBIT,Amazon.com*RDMIZ Amzn.com/bill WA,24692164077100285098003; 05942; ; ; ;,-15.25
2024-03-18,DEBIT,COSTCO WHSE# NAPERVILLE IL,24943004077898000055985; 05300; ; ; ;,-326.63
2024-03-18,DEBIT,COSTCO WHSE# NAPERVILLE IL,24943004077898002323555; 05300; ; ; ;,-1.63
2024-03-18,DEBIT,ANDERSONS BKSH NAPERVILLE IL,24943004077400407000423; 05942; ; ; ;,-14.0
2024-03-20,DEBIT,AMZN Mktp US*RHFZT Amzn.com/bill WA,24692164079102163750828; 05942; ; ; ;,-4.15
2024-03-20,DEBIT,Amazon.com*RHPNTA Amzn.com/bill WA,24692164079102239236448; 05942; ; ; ;,-22.85
2024-03-21,DEBIT,AMZN MKTP US*RHFQRH SEATTLE WA,24431064080083340808256; 05942; ; ; ;,-10.76
2024-03-21,DEBIT,AMZN Mktp US*RHWY Amzn.com/bill WA,24692164080103094348549; 05942; ; ; ;,-34.47
2024-03-22,DEBIT,THE CLEANING AUTHORITY -- IL,24269794081300682197397; 07349; ; ; ;,-229.0
2024-03-22,DEBIT,CVS/PHARMACY # NAPERVILLE IL,24137464082001306678437; 05912; ; ; ;,-18.31
2024-03-25,DEBIT,TARGET WARRENVILLE IL,24164074084091249919064; 05411; ; ; ;,-230.98
2024-03-25,DEBIT,BINNYS BEVERAGE DEPOT NILES IL,24717054084730843821549; 05921; ; ; ;,-117.92
2024-03-25,DEBIT,EVERWASH -- HTTPSEVERWASH PA,24011344084000056511239; 05734; ; ; ;,-29.0
2024-03-25,DEBIT,COSTCO WHSE# NAPERVILLE IL,24943004085898000020666; 05300; ; ; ;,-300.82
2024-03-25,DEBIT,KRISERS NAPERVILLE NAPERVILLE IL,24017944085400287000343; 05995; ; ; ;,-57.1
2024-03-25,DEBIT,Amazon.com*RACAXT Amzn.com/bill WA,24692164084106121855432; 05942; ; ; ;,-25.26
2024-03-25,DEBIT,KRAMER IMAGING NAPERVILLE IL,24005954082900012907890; 07221; ; ; ;,-60.0
2024-03-25,DEBIT,AMAZON RET* - WWW.AMAZON.CO WA,24011344082000054420559; 05331; ; ; ;,-25.7
2024-03-26,DEBIT,AMZN MKTP US*RAML SEATTLE WA,24431064085083742986408; 05942; ; ; ;,-32.31
2024-03-26,DEBIT,AMZN MKTP US*RHUMZ SEATTLE WA,24431064085083331116912; 05942; ; ; ;,-38.78
2024-03-27,DEBIT,AMZN MKTP US*RAOAM SEATTLE WA,24431064086083302903750; 05942; ; ; ;,-77.35
2024-03-28,DEBIT,AMZN Mktp US*RHSE Amzn.com/bill WA,24692164087108696032550; 05942; ; ; ;,-18.26
2024-03-28,DEBIT,LE CHOCOLAT DU BOUCHAR NAPERVILLE IL,24431064088400480000209; 05812; ; ; ;,-27.32
2024-03-28,DEBIT,AMZN Mktp US*RHORYX Amzn.com/bill WA,24692164088109362681042; 05942; ; ; ;,-18.86
2024-04-01,DEBIT,COSTCO WHSE# NAPERVILLE IL,24943004091898000051937; 05300; ; ; ;,-144.29
2024-04-01,DEBIT,RYANKNORRLAWNCARE.COM RYANKNORRLAWN IA,24492164091000016242157; 05399; ; ; ;,-202.57
2024-04-01,DEBIT,WALGREENS # NAPERVILLE IL,24445004090000878182829; 05912; ; ; ;,-33.9
2024-04-04,DEBIT,AMAZON.COM*RDIS SEATTLE WA,24431064094083742919523; 05942; ; ; ;,-8.6
2024-04-04,DEBIT,AMZ*Protea Nutrition pay.amazon.co SD,24692164094101768796633; 05499; ; ; ;,-57.3
2024-04-04,DEBIT,OSWALDS PHARMACY NAPERVILLE IL,24013394094000330332908; 05912; ; ; ;,-55.81
2024-04-04,DEBIT,WALGREENS # NAPERVILLE IL,24445004095000755706638; 05912; ; ; ;,-16.26
2024-04-05,CREDIT,PAYMENT THANK YOU,WEB AUTOMTC; ; ; ; ;,76.0
2024-04-05,DEBIT,AMZN Mktp US*ROWZK Amzn.com/bill WA,24692164095102237823155; 05942; ; ; ;,-22.62
2024-04-05,DEBIT,Amazon.com*ZOKO Amzn.com/bill WA,24692164095102286896995; 05942; ; ; ;,-23.3
2024-04-05,DEBIT,THE CLEANING AUTHORITY -- IL,24269794095300688253941; 07349; ; ; ;,-229.0
2024-04-08,DEBIT,TARGET WARRENVILLE IL,24164074098091250898524; 05411; ; ; ;,-68.19
2024-04-08,DEBIT,COSTCO WHSE# NAPERVILLE IL,24943004099898000038654; 05300; ; ; ;,-260.92
2024-04-08,DEBIT,Amazon.com*RATTQV Amzn.com/bill WA,24692164099105461141711; 05942; ; ; ;,-15.25
2024-04-08,CREDIT,WALGREENS # NAPERVILLE IL,74445004096001689109828; 05912; ; ; ;,16.26
2024-04-10,DEBIT,SHS*DUPAGEMEDGRP -- IL,24445004100200108689647; 08099; ; ; ;,-55.0
2024-04-10,DEBIT,AMZN Mktp US*OWAI Amzn.com/bill WA,24692164100106818852270; 05942; ; ; ;,-64.64
2024-04-10,DEBIT,EOLA POINT ANIMAL HOSP AURORA IL,24445004100300430387660; 00742; ; ; ;,-54.0
2024-04-10,DEBIT,KRISERS NAPERVILLE NAPERVILLE IL,24017944101400287000145; 05995; ; ; ;,-101.26
2024-04-11,DEBIT,WALGREENS # NAPERVILLE IL,24445004102000775539077; 05912; ; ; ;,-20.0
2024-04-12,DEBIT,Amazon.com*IHSX Amzn.com/bill WA,24692164102108325305865; 05942; ; ; ;,-26.41
2024-04-12,DEBIT,AMAZON.COM*KQUMYY SEATTLE WA,24431064102083707588750; 05942; ; ; ;,-60.28
2024-04-15,DEBIT,BUIKEMA S ACE HARDWARE NAPERVILLE IL,24137464104501054161977; 05251; ; ; ;,-65.0
2024-04-15,DEBIT,AMAZON.COM*AKY SEATTLE WA,24431064104083720454871; 05942; ; ; ;,-49.17
2024-04-15,DEBIT,AMZN Mktp US*DWWPZ Amzn.com/bill WA,24692164104109880406708; 05942; ; ; ;,-57.95
2024-04-15,DEBIT,AMAZON.COM*YCAWKD SEATTLE WA,24431064104083745471124; 05942; ; ; ;,-17.23
2024-04-15,DEBIT,AMZN Mktp US*NTCZ Amzn.com/bill WA,24692164104100204019947; 05942; ; ; ;,-22.87
2024-04-15,DEBIT,COSTCO GAS # NAPERVILLE IL,24943004105898090721310; 05542; ; ; ;,-31.04
2024-04-15,DEBIT,COSTCO WHSE# NAPERVILLE IL,24943004105898000066954; 05300; ; ; ;,-286.89
2024-04-15,DEBIT,Amazon.com*LOCH Amzn.com/bill WA,24692164103108866141942; 05942; ; ; ;,-19.55
2024-04-16,DEBIT,AMAZON.COM*ME SEATTLE WA,24431064106083725918761; 05942; ; ; ;,-10.13
2024-04-17,DEBIT,SHS*DUPAGEMEDGRP DOWNERS GROVE IL,24445004107200116563506; 08099; ; ; ;,-30.0
2024-04-19,DEBIT,EVERWASH -- HTTPSEVERWASH PA,24011344109000047683676; 05734; ; ; ;,-1.2
2024-04-19,DEBIT,Amazon.com*QFK Amzn.com/bill WA,24692164109104133472537; 05942; ; ; ;,-14.0
2024-04-19,DEBIT,THE CLEANING AUTHORITY -- IL,24269794109300706836747; 07349; ; ; ;,-229.0
2024-04-19,DEBIT,KRISERS NAPERVILLE NAPERVILLE IL,24017944110400285000054; 05995; ; ; ;,-101.26
2024-04-22,DEBIT,NAPERVILLE SMILES DENT - IL,24071054111939160599334; 08021; ; ; ;,-50.0
2024-04-22,DEBIT,COSTCO WHSE# NAPERVILLE IL,24943004112898000044267; 05300; ; ; ;,-311.85
2024-04-22,DEBIT,COURSERA.ORG HTTPSWWW.COUR CA,24011344111000001065569; 08299; ; ; ;,-49.0
2024-04-24,DEBIT,Amazon.com*PHBV Amzn.com/bill WA,24692164114108209588749; 05942; ; ; ;,-68.95
2024-04-25,DEBIT,AMAZON.COM*EVZY SEATTLE WA,24431064115083738165235; 05942; ; ; ;,-25.29
2024-04-25,DEBIT,EVERWASH -- HTTPSEVERWASH PA,24011344115000066992687; 05734; ; ; ;,-35.0
2024-04-26,DEBIT,AMZN Mktp US*ZJTMV Amzn.com/bill WA,24692164116109688247912; 05942; ; ; ;,-40.48
2024-04-29,DEBIT,DUPAGECHILDRENSMUS HTTPSDUPAGECH IL,24492164119000015979567; 08398; ; ; ;,-195.0
2024-04-29,DEBIT,AMAZON.COM*KRHN SEATTLE WA,24431064118083349480467; 05942; ; ; ;,-30.62
2024-04-29,DEBIT,AMZN Mktp US*IFI Amzn.com/bill WA,24692164118101432261149; 05942; ; ; ;,-40.65
2024-04-29,DEBIT,AMZN Mktp US*SSPSX Amzn.com/bill WA,24692164118101592248936; 05942; ; ; ;,-61.04
2024-04-29,DEBIT,COSTCO WHSE# NAPERVILLE IL,24943004119898000025871; 05300; ; ; ;,-234.53
2024-04-29,DEBIT,AMZN Mktp US*NRRBF Amzn.com/bill WA,24692164117100243830853; 05942; ; ; ;,-92.34
2024-04-30,DEBIT,AMZN Mktp US*PUAICC Amzn.com/bill WA,24692164120103318331984; 05942; ; ; ;,-19.74
2024-04-30,DEBIT,KRISERS NAPERVILLE NAPERVILLE IL,24017944121400287000018; 05995; ; ; ;,-101.26
2024-05-01,DEBIT,WWW COSTCO COM -- WA,24692164121104112449740; 05300; ; ; ;,-21.24
2024-05-03,DEBIT,THE CLEANING AUTHORITY -- IL,24269794123300730990769; 07349; ; ; ;,-229.0
2024-05-06,CREDIT,PAYMENT THANK YOU,WEB AUTOMTC; ; ; ; ;,81.0
2024-05-06,DEBIT,AMZN Mktp US*EIX Amzn.com/bill WA,24692164126108659230269; 05942; ; ; ;,-51.38
2024-05-06,DEBIT,COSTCO WHSE# NAPERVILLE IL,24943004127898000051299; 05300; ; ; ;,-206.63
2024-05-06,DEBIT,Amazon.com*LDZM Amzn.com/bill WA,24692164125107230168700; 05942; ; ; ;,-18.48
2024-05-06,DEBIT,TST* SPARROW COFFEE NA Naperville IL,24692164125107387919848; 05812; ; ; ;,-39.68
2024-05-06,DEBIT,AMZN Mktp US*NIEIK Amzn.com/bill WA,24692164125107687700203; 05942; ; ; ;,-14.0
2024-05-06,DEBIT,AMZN Mktp US*QMAAK Amzn.com/bill WA,24692164124106427747822; 05942; ; ; ;,-62.59
2024-05-06,DEBIT,AMZ*Protea Nutrition pay.amazon.co SD,24692164124106798322916; 05499; ; ; ;,-57.3
2024-05-07,DEBIT,Amazon.com*UYQL Amzn.com/bill WA,24692164127109036502817; 05942; ; ; ;,-63.15
2024-05-07,DEBIT,Amazon.com*QRRY Amzn.com/bill WA,24692164127109127793499; 05942; ; ; ;,-39.67
2024-05-07,DEBIT,SP POLIQUIN POLIQUINPERFO FL,24011344127000039154866; 05499; ; ; ;,-94.85
2024-05-07,DEBIT,Amazon.com*HDZQT Amzn.com/bill WA,24692164127109329700714; 05942; ; ; ;,-60.28
2024-05-07,DEBIT,SC PASSPORT VARENNES GATINEAU QC - . CANADIAN DOLLAR,74064494127820129313526; 09399; ; ; ;,-191.06
2024-05-07,DEBIT,EOLA POINT ANIMAL HOSP AURORA IL,24445004127300439205839; 00742; ; ; ;,-228.99
2024-05-08,DEBIT,BUIKEMA S ACE HARDWARE NAPERVILLE IL,24137464128500767866445; 05251; ; ; ;,-30.16
2024-05-08,DEBIT,BARBER HAUS SHOPS.GETSQUI NY,24492164128000027791884; 07230; ; ; ;,-84.0
2024-05-08,DEBIT,KRISERS NAPERVILLE NAPERVILLE IL,24017944129400283000154; 05995; ; ; ;,-101.26
2024-05-09,DEBIT,ETSY INC. - NY,24793384130001233122076; 05699; ; ; ;,-27.47
2024-05-10,DEBIT,AMZN Mktp US*JFPFLJ Amzn.com/bill WA,24692164130101469064063; 05942; ; ; ;,-54.93
2024-05-10,DEBIT,AMZN Mktp US*VJIW Amzn.com/bill WA,24692164131102057970561; 05942; ; ; ;,-9.1
2024-05-13,DEBIT,COSTCO WHSE# NAPERVILLE IL,24943004134898000035061; 05300; ; ; ;,-359.03
2024-05-14,DEBIT,AMZN Mktp US*ZZTJG Amzn.com/bill WA,24692164134104833467711; 05942; ; ; ;,-31.24
2024-05-14,DEBIT,AMZN Mktp US*EBTKF Amzn.com/bill WA,24692164135105460208236; 05942; ; ; ;,-61.04
2024-05-14,DEBIT,AMAZON RET* - WWW.AMAZON.CO WA,24011344135000023456640; 05331; ; ; ;,-27.14
2024-05-15,DEBIT,Amazon.com*HZK Amzn.com/bill WA,24692164135105587884950; 05942; ; ; ;,-11.84
2024-05-15,DEBIT,AMAZON.COM*DYJK SEATTLE WA,24431064135083748490280; 05942; ; ; ;,-23.4
2024-05-15,DEBIT,AMZN Mktp US*VGSHK Amzn.com/bill WA,24692164135105928048232; 05942; ; ; ;,-21.74
2024-05-15,DEBIT,AMZN Mktp US*TZXXK Amzn.com/bill WA,24692164135105971938891; 05942; ; ; ;,-40.65
2024-05-15,DEBIT,AMZN Mktp US*AZUL Amzn.com/bill WA,24692164135105995541614; 05942; ; ; ;,-37.13
2024-05-17,DEBIT,AMZN Mktp US*QAJJIN Amzn.com/bill WA,24692164137107248969764; 05942; ; ; ;,-10.76
2024-05-17,DEBIT,BUIKEMA S ACE HARDWARE NAPERVILLE IL,24137464137500901878602; 05251; ; ; ;,-5.39
2024-05-17,DEBIT,BUIKEMA S ACE HARDWARE NAPERVILLE IL,24137464137500901878529; 05251; ; ; ;,-5.39
2024-05-17,DEBIT,BUIKEMA S ACE HARDWARE NAPERVILLE IL,24137464137500901878453; 05251; ; ; ;,-5.39
2024-05-17,DEBIT,MENARDS NAPERVILLE IL NAPERVILLE IL,24137464137100162924839; 05200; ; ; ;,-32.58
2024-05-17,DEBIT,THE CLEANING AUTHORITY -- IL,24269794137300706973280; 07349; ; ; ;,-229.0
2024-05-20,DEBIT,COURSERA.ORG HTTPSWWW.COUR CA,24011344141000000803600; 08299; ; ; ;,-49.0
2024-05-20,DEBIT,COSTCO WHSE# NAPERVILLE IL,24943004141898000028307; 05300; ; ; ;,-350.73
2024-05-20,DEBIT,GROUND EFFECTS SUPPLY - IL,24755424138181381033218; 00780; ; ; ;,-21.84
2024-05-20,DEBIT,THE GROWING PLACE NA NAPERVILLE IL,24701774138639501421871; 05261; ; ; ;,-239.9
2024-05-20,DEBIT,AMAZON RET* - WWW.AMAZON.CO WA,24011344139000017607436; 05331; ; ; ;,-11.16
2024-05-20,DEBIT,KRISERS NAPERVILLE NAPERVILLE IL,24017944139400283000012; 05995; ; ; ;,-82.22
2024-05-20,DEBIT,Amazon.com*MYRID Amzn.com/bill WA,24692164139108904228519; 05942; ; ; ;,-13.09
2024-05-21,DEBIT,AMAZON.COM*KHS SEATTLE WA,24431064141083706820934; 05942; ; ; ;,-44.53
2024-05-21,DEBIT,AMZN Mktp US*DATCP Amzn.com/bill WA,24692164141100936916381; 05942; ; ; ;,-4.95
2024-05-21,DEBIT,AMZN Mktp US*GDN Amzn.com/bill WA,24692164141101018174352; 05942; ; ; ;,-12.92
2024-05-21,DEBIT,AMZN Mktp US*PHSL Amzn.com/bill WA,24692164141101013334274; 05942; ; ; ;,-45.79
2024-05-21,DEBIT,AMZN Mktp US*XP Amzn.com/bill WA,24692164142101308432337; 05942; ; ; ;,-43.63
2024-05-22,DEBIT,AMZN Mktp US*TG Amzn.com/bill WA,24692164142101578422810; 05942; ; ; ;,-55.27
2024-05-23,DEBIT,AMZN Mktp US*QVYHW Amzn.com/bill WA,24692164143102276915591; 05942; ; ; ;,-16.15
2024-05-28,DEBIT,AMAZON RET* - WWW.AMAZON.CO WA,24011344149000010852854; 05331; ; ; ;,-70.72
2024-05-28,DEBIT,AMZN Mktp US*ILM Amzn.com/bill WA,24692164147102658388223; 05942; ; ; ;,-47.08
2024-05-28,DEBIT,AMZN Mktp US*JPNX Amzn.com/bill WA,24692164147102755560773; 05942; ; ; ;,-46.32
2024-05-28,DEBIT,COSTCO WHSE# NAPERVILLE IL,24943004148898000051591; 05300; ; ; ;,-393.61
2024-05-28,DEBIT,AMZN Mktp US*LNKMTL Amzn.com/bill WA,24692164146102258421490; 05942; ; ; ;,-8.61
2024-05-28,DEBIT,EVERWASH -- HTTPSEVERWASH PA,24011344145000078368284; 05734; ; ; ;,-35.0
2024-05-28,DEBIT,AMZN Mktp US*QFQDKU Amzn.com/bill WA,24692164145101597567774; 05942; ; ; ;,-81.77
2024-05-29,DEBIT,AMZN Mktp US*IVX Amzn.com/bill WA,24692164149104199802587; 05942; ; ; ;,-37.8
2024-05-29,DEBIT,AMZN Mktp US*MNQRB Amzn.com/bill WA,24692164149104605310704; 05942; ; ; ;,-47.08
2024-05-29,DEBIT,AMZN Mktp US*TICGOZ Amzn.com/bill WA,24692164150104902644892; 05942; ; ; ;,-57.95
2024-05-30,DEBIT,AMAZON.COM*JSB SEATTLE WA,24431064150083749259965; 05942; ; ; ;,-10.97
2024-05-30,DEBIT,AMZN Mktp US*JWEYVX Amzn.com/bill WA,24692164150105289010698; 05942; ; ; ;,-32.31
2024-05-30,DEBIT,BARBER HAUS SHOPS.GETSQUI NY,24492164150000028031026; 07230; ; ; ;,-87.5
2024-05-30,DEBIT,AMAZON RET* - WWW.AMAZON.CO WA,24011344150000058576528; 05331; ; ; ;,-14.0
2024-05-30,DEBIT,AMZN Mktp US*DAUV Amzn.com/bill WA,24692164150105486202924; 05942; ; ; ;,-33.38
2024-05-30,DEBIT,AMAZON.COM*JIJN SEATTLE WA,24431064151083347467480; 05942; ; ; ;,-9.69
2024-05-30,DEBIT,COSTCO WHSE# NAPERVILLE IL,24943004151898000066007; 05300; ; ; ;,-212.02
2024-05-30,DEBIT,BINNYS BEVERAGE DEPOT NILES IL,24717054151731514910486; 05921; ; ; ;,-32.31
2024-05-30,DEBIT,BINNYS BEVERAGE DEPOT NILES IL,24717054151731514907573; 05921; ; ; ;,-72.9
2024-05-31,DEBIT,TST* SPARROW COFFEE NA Naperville IL,24692164151106065789066; 05812; ; ; ;,-19.84
2024-05-31,DEBIT,AMAZON.COM*JJPPX SEATTLE WA,24431064151083356433746; 05942; ; ; ;,-18.28
2024-05-31,DEBIT,AMAZON.COM*NUACQ SEATTLE WA,24431064151083733203465; 05942; ; ; ;,-19.92
2024-05-31,DEBIT,THE CLEANING AUTHORITY -- IL,24269794151300706582397; 07349; ; ; ;,-229.0
2024-05-31,CREDIT,AMZN Mktp US Amzn.com/bill WA,74692164151106127447872; 05942; ; ; ;,47.08
2024-06-03,DEBIT,URBAN AIR ADVENTURE PA -- TX,24765014153207127551481; 07996; ; ; ;,-39.32
2024-06-03,DEBIT,FSP*BOUNCE HOUSES R US -- IL,24445004153300461257689; 07999; ; ; ;,-428.55
2024-06-03,DEBIT,LUCKY DOG DAYCARE AND -- IL,24251384152030054877482; 05995; ; ; ;,-123.6
2024-06-04,DEBIT,AMZ*Protea Nutrition pay.amazon.co SD,24692164155109830081898; 05499; ; ; ;,-57.3
2024-06-05,CREDIT,PAYMENT THANK YOU,WEB AUTOMTC; ; ; ; ;,123.0
2024-06-05,DEBIT,Amazon.com*EZLPQ Amzn.com/bill WA,24692164156100448192440; 05942; ; ; ;,-18.05
2024-06-05,DEBIT,AMZN Mktp US*NGSB Amzn.com/bill WA,24692164156100523539283; 05942; ; ; ;,-57.99
2024-06-06,DEBIT,AMZN Mktp US*KCQXQ Amzn.com/bill WA,24692164158101785726301; 05942; ; ; ;,-40.65
2024-06-07,DEBIT,AMZN Mktp US*JTV Amzn.com/bill WA,24692164158102216175100; 05942; ; ; ;,-47.08
2024-06-07,DEBIT,THE CLEANING AUTHORITY -- IL,24269794158300697092334; 07349; ; ; ;,-229.0
2024-06-07,DEBIT,KRISERS NAPERVILLE NAPERVILLE IL,24017944159001353460048; 05995; ; ; ;,-101.26
2024-06-10,DEBIT,TARGET WARRENVILLE IL,24164074161091008566052; 05411; ; ; ;,-133.72
2024-06-10,DEBIT,AMZN Mktp US*JMH Amzn.com/bill WA,24692164161104976084352; 05942; ; ; ;,-74.73
2024-06-10,DEBIT,AMZN Mktp US*CTAYA Amzn.com/bill WA,24692164160103786611645; 05942; ; ; ;,-26.93
2024-06-10,DEBIT,COSTCO WHSE# NAPERVILLE IL,24943004161898000049456; 05300; ; ; ;,-283.55
2024-06-10,DEBIT,AMZN Mktp US*QGEQ Amzn.com/bill WA,24692164161104368297570; 05942; ; ; ;,-19.38
2024-06-10,DEBIT,Amazon.com*VY Amzn.com/bill WA,24692164161104367248137; 05942; ; ; ;,-32.33
2024-06-10,DEBIT,Amazon.com*DERS Amzn.com/bill WA,24692164161104365909656; 05942; ; ; ;,-22.63
2024-06-10,DEBIT,AMZN Mktp US*RDOCF Amzn.com/bill WA,24692164159102730444338; 05942; ; ; ;,-34.48
2024-06-10,DEBIT,AMZN Mktp US*VRMYT Amzn.com/bill WA,24692164159102920136157; 05942; ; ; ;,-40.95
2024-06-11,DEBIT,AMAZON.COM*CHQH SEATTLE WA,24431064162083318378515; 05942; ; ; ;,-60.28
